{"trial_id": "5", "hyperparameters": {"space": [{"class_name": "Choice", "config": {"name": "num_layers", "default": 1, "conditions": [], "values": [1, 5, 10], "ordered": true}}, {"class_name": "Choice", "config": {"name": "num_neurons", "default": 64, "conditions": [], "values": [64, 128, 256], "ordered": true}}], "values": {"num_layers": 5, "num_neurons": 256}}, "metrics": {"metrics": {"loss": {"direction": "min", "observations": [{"value": [0.07322045415639877], "step": 4}]}, "accuracy": {"direction": "max", "observations": [{"value": [0.9776852130889893], "step": 4}]}, "val_loss": {"direction": "min", "observations": [{"value": [0.09763412177562714], "step": 4}]}, "val_accuracy": {"direction": "max", "observations": [{"value": [0.9691666960716248], "step": 4}]}}}, "score": 0.9691666960716248, "best_step": 4, "status": "COMPLETED", "message": null}