{"trial_id": "3", "hyperparameters": {"space": [{"class_name": "Choice", "config": {"name": "num_layers", "default": 1, "conditions": [], "values": [1, 5, 10], "ordered": true}}, {"class_name": "Choice", "config": {"name": "num_neurons", "default": 64, "conditions": [], "values": [64, 128, 256], "ordered": true}}], "values": {"num_layers": 5, "num_neurons": 64}}, "metrics": {"metrics": {"loss": {"direction": "min", "observations": [{"value": [0.10196378827095032], "step": 4}]}, "accuracy": {"direction": "max", "observations": [{"value": [0.969092607498169], "step": 4}]}, "val_loss": {"direction": "min", "observations": [{"value": [0.11771529912948608], "step": 4}]}, "val_accuracy": {"direction": "max", "observations": [{"value": [0.9643333554267883], "step": 4}]}}}, "score": 0.9643333554267883, "best_step": 4, "status": "COMPLETED", "message": null}