{"trial_id": "0", "hyperparameters": {"space": [{"class_name": "Choice", "config": {"name": "num_layers", "default": 1, "conditions": [], "values": [1, 5, 10], "ordered": true}}, {"class_name": "Choice", "config": {"name": "num_neurons", "default": 64, "conditions": [], "values": [64, 128, 256], "ordered": true}}], "values": {"num_layers": 1, "num_neurons": 64}}, "metrics": {"metrics": {"loss": {"direction": "min", "observations": [{"value": [0.20007655024528503], "step": 4}]}, "accuracy": {"direction": "max", "observations": [{"value": [0.9436481595039368], "step": 4}]}, "val_loss": {"direction": "min", "observations": [{"value": [0.20889684557914734], "step": 4}]}, "val_accuracy": {"direction": "max", "observations": [{"value": [0.9416666626930237], "step": 4}]}}}, "score": 0.9416666626930237, "best_step": 4, "status": "COMPLETED", "message": null}