{"trial_id": "7", "hyperparameters": {"space": [{"class_name": "Choice", "config": {"name": "num_layers", "default": 1, "conditions": [], "values": [1, 5, 10], "ordered": true}}, {"class_name": "Choice", "config": {"name": "num_neurons", "default": 64, "conditions": [], "values": [64, 128, 256], "ordered": true}}], "values": {"num_layers": 10, "num_neurons": 128}}, "metrics": {"metrics": {"loss": {"direction": "min", "observations": [{"value": [0.08431117236614227], "step": 4}]}, "accuracy": {"direction": "max", "observations": [{"value": [0.9747222065925598], "step": 4}]}, "val_loss": {"direction": "min", "observations": [{"value": [0.10613177716732025], "step": 4}]}, "val_accuracy": {"direction": "max", "observations": [{"value": [0.9683333039283752], "step": 4}]}}}, "score": 0.9683333039283752, "best_step": 4, "status": "COMPLETED", "message": null}