{"ongoing_trials": {}, "hyperparameters": {"space": [{"class_name": "Choice", "config": {"name": "num_layers", "default": 1, "conditions": [], "values": [1, 5, 10], "ordered": true}}, {"class_name": "Choice", "config": {"name": "num_neurons", "default": 64, "conditions": [], "values": [64, 128, 256], "ordered": true}}], "values": {"num_layers": 1, "num_neurons": 64}}, "start_order": ["0", "1", "2", "3", "4", "5", "6", "7", "8"], "end_order": ["0", "1", "2", "3", "4", "5", "6", "7", "8"], "run_times": {"0": 1, "1": 1, "2": 1, "3": 1, "4": 1, "5": 1, "6": 1, "7": 1, "8": 1}, "retry_queue": [], "seed": 1989, "seed_state": 1989, "tried_so_far": ["d128c372cd8c34afb8aa4a3047994a6f", "af4bb8138ec9b0fab4beea6dc7024c84", "ced8eb90b2efe70bd0c8d516a80452c0", "397ff134caa329d50021bb8edcd83722", "03121c4e5b82e58de2613842c4e32697", "a11ab3f20a8f216b758304fdf42f15c3", "0b79148915b043ad027bf40493266095", "e6214e652ce10801a42801d879cc9470", "66d6de7ae38fa6efb93330735cc4d402"], "id_to_hash": {"0": "66d6de7ae38fa6efb93330735cc4d402", "1": "0b79148915b043ad027bf40493266095", "2": "ced8eb90b2efe70bd0c8d516a80452c0", "3": "d128c372cd8c34afb8aa4a3047994a6f", "4": "af4bb8138ec9b0fab4beea6dc7024c84", "5": "397ff134caa329d50021bb8edcd83722", "6": "e6214e652ce10801a42801d879cc9470", "7": "a11ab3f20a8f216b758304fdf42f15c3", "8": "03121c4e5b82e58de2613842c4e32697"}}