{"trial_id": "4", "hyperparameters": {"space": [{"class_name": "Choice", "config": {"name": "num_layers", "default": 1, "conditions": [], "values": [1, 5, 10], "ordered": true}}, {"class_name": "Choice", "config": {"name": "num_neurons", "default": 64, "conditions": [], "values": [64, 128, 256], "ordered": true}}], "values": {"num_layers": 5, "num_neurons": 128}}, "metrics": {"metrics": {"loss": {"direction": "min", "observations": [{"value": [0.08518907427787781], "step": 4}]}, "accuracy": {"direction": "max", "observations": [{"value": [0.9742037057876587], "step": 4}]}, "val_loss": {"direction": "min", "observations": [{"value": [0.10404250025749207], "step": 4}]}, "val_accuracy": {"direction": "max", "observations": [{"value": [0.968666672706604], "step": 4}]}}}, "score": 0.968666672706604, "best_step": 4, "status": "COMPLETED", "message": null}