{"trial_id": "1", "hyperparameters": {"space": [{"class_name": "Choice", "config": {"name": "num_layers", "default": 1, "conditions": [], "values": [1, 5, 10], "ordered": true}}, {"class_name": "Choice", "config": {"name": "num_neurons", "default": 64, "conditions": [], "values": [64, 128, 256], "ordered": true}}], "values": {"num_layers": 1, "num_neurons": 128}}, "metrics": {"metrics": {"loss": {"direction": "min", "observations": [{"value": [0.17920014262199402], "step": 4}]}, "accuracy": {"direction": "max", "observations": [{"value": [0.9502037167549133], "step": 4}]}, "val_loss": {"direction": "min", "observations": [{"value": [0.18628273904323578], "step": 4}]}, "val_accuracy": {"direction": "max", "observations": [{"value": [0.9456666707992554], "step": 4}]}}}, "score": 0.9456666707992554, "best_step": 4, "status": "COMPLETED", "message": null}