{"trial_id": "6", "hyperparameters": {"space": [{"class_name": "Choice", "config": {"name": "num_layers", "default": 1, "conditions": [], "values": [1, 5, 10], "ordered": true}}, {"class_name": "Choice", "config": {"name": "num_neurons", "default": 64, "conditions": [], "values": [64, 128, 256], "ordered": true}}], "values": {"num_layers": 10, "num_neurons": 64}}, "metrics": {"metrics": {"loss": {"direction": "min", "observations": [{"value": [0.13151533901691437], "step": 4}]}, "accuracy": {"direction": "max", "observations": [{"value": [0.9614814519882202], "step": 4}]}, "val_loss": {"direction": "min", "observations": [{"value": [0.15850448608398438], "step": 4}]}, "val_accuracy": {"direction": "max", "observations": [{"value": [0.9541666507720947], "step": 4}]}}}, "score": 0.9541666507720947, "best_step": 4, "status": "COMPLETED", "message": null}