{"trial_id": "8", "hyperparameters": {"space": [{"class_name": "Choice", "config": {"name": "num_layers", "default": 1, "conditions": [], "values": [1, 5, 10], "ordered": true}}, {"class_name": "Choice", "config": {"name": "num_neurons", "default": 64, "conditions": [], "values": [64, 128, 256], "ordered": true}}], "values": {"num_layers": 10, "num_neurons": 256}}, "metrics": {"metrics": {"loss": {"direction": "min", "observations": [{"value": [0.08395417034626007], "step": 3}]}, "accuracy": {"direction": "max", "observations": [{"value": [0.9738518595695496], "step": 3}]}, "val_loss": {"direction": "min", "observations": [{"value": [0.10932070016860962], "step": 3}]}, "val_accuracy": {"direction": "max", "observations": [{"value": [0.9661666750907898], "step": 3}]}}}, "score": 0.9661666750907898, "best_step": 3, "status": "COMPLETED", "message": null}