{"trial_id": "2", "hyperparameters": {"space": [{"class_name": "Choice", "config": {"name": "num_layers", "default": 1, "conditions": [], "values": [1, 5, 10], "ordered": true}}, {"class_name": "Choice", "config": {"name": "num_neurons", "default": 64, "conditions": [], "values": [64, 128, 256], "ordered": true}}], "values": {"num_layers": 1, "num_neurons": 256}}, "metrics": {"metrics": {"loss": {"direction": "min", "observations": [{"value": [0.17367549240589142], "step": 4}]}, "accuracy": {"direction": "max", "observations": [{"value": [0.9512407183647156], "step": 4}]}, "val_loss": {"direction": "min", "observations": [{"value": [0.18427489697933197], "step": 4}]}, "val_accuracy": {"direction": "max", "observations": [{"value": [0.9461666941642761], "step": 4}]}}}, "score": 0.9461666941642761, "best_step": 4, "status": "COMPLETED", "message": null}